<?xml version="1.0" encoding="UTF-8"?>
<beans xmlns="http://www.springframework.org/schema/beans"
	xmlns:context="http://www.springframework.org/schema/context"
	xmlns:xsi="http://www.w3.org/2001/XMLSchema-instance"
	xmlns:mvc="http://www.springframework.org/schema/mvc"
	xsi:schemaLocation="
        http://www.springframework.org/schema/beans
        http://www.springframework.org/schema/beans/spring-beans.xsd
        http://www.springframework.org/schema/mvc
        http://www.springframework.org/schema/mvc/spring-mvc.xsd
        http://www.springframework.org/schema/context
        http://www.springframework.org/schema/context/spring-context.xsd">

	<context:component-scan
		base-package="com.springbook" />

	<mvc:annotation-driven />
	<bean id="messageSource"
		class="org.springframework.context.support.ReloadableResourceBundleMessageSource">

		<property name="basenames"
			value="classpath:/WEB-INF/messages" />
		<property name="defaultEncoding" value="UTF-8" />
	</bean>

	<bean id="viewResolver"
		class="org.springframework.web.servlet.view.InternalResourceViewResolver">
		<property name="order" value="0" />
		<property name="prefix" value="/WEB-INF/views/" />

		<property name="viewNames" value="*.jsp" />
	</bean>

	<bean class="org.thymeleaf.spring4.view.ThymeleafViewResolver">
		<property name="templateEngine" ref="templateEngine" />
		<property name="characterEncoding" value="UTF-8" />
		<property name="order" value="1" />
		<property name="viewNames" value="*.html,*.xhtml" />
	</bean>


	<bean id="templateResolver"
		class="org.thymeleaf.templateresolver.ServletContextTemplateResolver">
		<property name="prefix" value="/WEB-INF/views/" />
		<property name="suffix" value=".html" />
		<property name="templateMode" value="HTML5" />

	</bean>

	<bean id="templateEngine"
		class="org.thymeleaf.spring4.SpringTemplateEngine">
		<property name="templateResolver" ref="templateResolver" />
	</bean>

	<!-- use to define which template is used -->
	<mvc:resources location="/template/"
		mapping="/template/**"></mvc:resources>

	<bean id="multipartResolver"
		class="org.springframework.web.multipart.commons.CommonsMultipartResolver">
		<property name="maxUploadSize" value="268435456" />
	</bean>
</beans>